"0CCE0000272","ECCCCE0000274","EAN 13","GM","","true","CCE","ADMIN","2014-10-06 17:07:55.297","CCE","Admin","2019-06-17 13:36:29.043","true"
"0CCE0000549","ECCCCE0000628","EAN 13","GM","","true","CCE","Admin","2014-12-18 18:25:38.003","CCE","Admin","2019-06-17 13:36:35.59","true"
"0CCE0000714","ECCCCE0000833","EAN 13","GM","","true","CCE","ADMIN","2015-01-08 20:55:48.987","CCE","Admin","2019-06-17 13:36:36.247","true"
"0CCE0000916","ECCCCE0001070","EAN 13","GM","","true","CCE","ADMIN","2015-08-04 19:05:43.21","CCE","Admin","2019-06-17 13:36:37.607","true"
"0CCE0000964","ECCCCE0001125","EAN 13","GM","","true","CCE","ADMIN","2015-11-24 19:04:03.82","CCE","Admin","2019-06-17 13:36:38.047","true"
"0CCE0001008","ECCCCE0001177","EAN 13","GM","","false","CCE","ADMIN","2016-08-17 19:03:47.57","CCE","Admin","2019-06-17 13:36:38.687","true"
"0CCE0001405","ECCCCE0001638","EAN 13","GM","","false","CCE","ShaileshN","2018-12-07 13:30:04.6","CCE","Admin","2019-06-17 13:36:39.247","true"
"0CCE0000272","ECCCCE0002927","EAN 13","GM","","false","CCE","ShaileshN","2018-12-17 12:02:45.797","CCE","Admin","2019-06-17 13:36:34.887","false"
"0CCE0000272","ECCCCE0002937","EAN 13","GM","","false","CCE","ShaileshN","2018-12-17 12:02:54.39","CCE","Admin","2019-06-17 13:36:30.293","false"
"0CCE0000272","ECCCCE0002947","EAN 13","GM","","false","CCE","ShaileshN","2018-12-17 12:03:00.797","CCE","Admin","2019-06-17 13:36:30.293","false"
"0CCE0000272","ECCCCE0002957","EAN 13","GM","","false","CCE","ShaileshN","2018-12-17 12:03:10.737","CCE","Admin","2019-06-17 13:36:30.293","false"
"0CCE0000272","ECCCCE0002967","EAN 13","GM","","false","CCE","ShaileshN","2018-12-17 12:03:18.233","CCE","Admin","2019-06-17 13:36:30.293","false"
"0CCE0000272","ECCCCE0002977","EAN 13","GM","","false","CCE","ShaileshN","2018-12-17 12:03:23.093","CCE","Admin","2019-06-17 13:36:30.293","false"
"0CCE0000272","ECCCCE0002987","EAN 13","GM","","false","CCE","ShaileshN","2018-12-17 12:03:27.517","CCE","Admin","2019-06-17 13:36:30.293","false"
"0CCE0000272","ECCCCE0002997","EAN 13","GM","","false","CCE","ShaileshN","2018-12-17 12:03:33.837","CCE","Admin","2019-06-17 13:36:30.293","false"
"0CCE0000272","ECCCCE0003007","EAN 13","GM","","false","CCE","ShaileshN","2018-12-17 12:03:37.777","CCE","Admin","2019-06-17 13:36:30.293","false"
"0CCE0000272","ECCCCE0003017","EAN 13","GM","","false","CCE","ShaileshN","2018-12-17 12:03:41.807","CCE","Admin","2019-06-17 13:36:30.293","false"
"0CCE0000272","ECCCCE0003027","EAN 13","GM","","false","CCE","ShaileshN","2018-12-17 12:03:45.933","CCE","Admin","2019-06-17 13:36:30.293","false"
"0CCE0000272","ECCCCE0003037","EAN 13","GM","","false","CCE","ShaileshN","2018-12-17 12:03:50.087","CCE","Admin","2019-06-17 13:36:30.293","false"
"0CCE0000272","ECCCCE0003047","EAN 13","GM","","false","CCE","ShaileshN","2018-12-17 12:03:54.277","CCE","Admin","2019-06-17 13:36:30.31","false"
"0CCE0000272","ECCCCE0003057","EAN 13","GM","","false","CCE","ShaileshN","2018-12-17 12:03:58.73","CCE","Admin","2019-06-17 13:36:30.31","false"
"0CCE0000272","ECCCCE0003067","EAN 13","GM","","false","CCE","ShaileshN","2018-12-17 12:04:03.353","CCE","Admin","2019-06-17 13:36:30.31","false"
"0CCE0000272","ECCCCE0003077","EAN 13","GM","","false","CCE","ShaileshN","2018-12-17 12:04:07.933","CCE","Admin","2019-06-17 13:36:30.31","false"
"0CCE0000272","ECCCCE0003087","EAN 13","GM","","false","CCE","ShaileshN","2018-12-17 12:04:14.147","CCE","Admin","2019-06-17 13:36:30.31","false"
"0CCE0000272","ECCCCE0003097","EAN 13","GM","","false","CCE","ShaileshN","2018-12-17 12:04:18.587","CCE","Admin","2019-06-17 13:36:30.31","false"
"0CCE0000272","ECCCCE0003107","EAN 13","GM","","false","CCE","ShaileshN","2018-12-17 12:04:23.507","CCE","Admin","2019-06-17 13:36:30.31","false"
"0CCE0000272","ECCCCE0003117","EAN 13","GM","","false","CCE","ShaileshN","2018-12-17 12:04:28.053","CCE","Admin","2019-06-17 13:36:30.31","false"
"0CCE0000272","ECCCCE0003127","EAN 13","GM","","false","CCE","ShaileshN","2018-12-17 12:04:32.46","CCE","Admin","2019-06-17 13:36:30.31","false"
"0CCE0000272","ECCCCE0003137","EAN 13","GM","","false","CCE","ShaileshN","2018-12-17 12:04:37.037","CCE","Admin","2019-06-17 13:36:30.31","false"
"0CCE0000272","ECCCCE0003147","EAN 13","GM","","false","CCE","ShaileshN","2018-12-17 12:04:41.67","CCE","Admin","2019-06-17 13:36:30.31","false"
"0CCE0000272","ECCCCE0003157","EAN 13","GM","","false","CCE","ShaileshN","2018-12-17 12:04:46.187","CCE","Admin","2019-06-17 13:36:30.31","false"
"0CCE0000272","ECCCCE0003167","EAN 13","GM","","false","CCE","ShaileshN","2018-12-17 12:04:50.703","CCE","Admin","2019-06-17 13:36:30.31","false"
"0CCE0000272","ECCCCE0003177","EAN 13","GM","","false","CCE","ShaileshN","2018-12-17 12:04:55.313","CCE","Admin","2019-06-17 13:36:30.31","false"
"0CCE0000272","ECCCCE0003187","EAN 13","GM","","false","CCE","ShaileshN","2018-12-17 12:05:00.14","CCE","Admin","2019-06-17 13:36:30.31","false"
"0CCE0000272","ECCCCE0003197","EAN 13","GM","","false","CCE","ShaileshN","2018-12-17 12:05:04.75","CCE","Admin","2019-06-17 13:36:30.31","false"
"0CCE0000272","ECCCCE0003207","EAN 13","GM","","false","CCE","ShaileshN","2018-12-17 12:05:09.453","CCE","Admin","2019-06-17 13:36:30.31","false"
"0CCE0000272","ECCCCE0003217","EAN 13","GM","","false","CCE","ShaileshN","2018-12-17 12:05:14.267","CCE","Admin","2019-06-17 13:36:30.31","false"
"0CCE0000272","ECCCCE0003227","EAN 13","GM","","false","CCE","ShaileshN","2018-12-17 12:05:18.953","CCE","Admin","2019-06-17 13:36:30.31","false"
"0CCE0000272","ECCCCE0003237","EAN 13","GM","","false","CCE","ShaileshN","2018-12-17 12:05:23.86","CCE","Admin","2019-06-17 13:36:30.31","false"
"0CCE0000272","ECCCCE0003247","EAN 13","GM","","false","CCE","ShaileshN","2018-12-17 12:05:28.893","CCE","Admin","2019-06-17 13:36:30.31","false"
"0CCE0000272","ECCCCE0003257","EAN 13","GM","","false","CCE","ShaileshN","2018-12-17 12:05:34.003","CCE","Admin","2019-06-17 13:36:30.31","false"
"0CCE0000272","ECCCCE0003267","EAN 13","GM","","false","CCE","ShaileshN","2018-12-17 12:05:38.907","CCE","Admin","2019-06-17 13:36:30.31","false"
"0CCE0000272","ECCCCE0003277","EAN 13","GM","","false","CCE","ShaileshN","2018-12-17 12:05:43.877","CCE","Admin","2019-06-17 13:36:30.31","false"
"0CCE0000272","ECCCCE0003287","EAN 13","GM","","false","CCE","ShaileshN","2018-12-17 12:05:49.08","CCE","Admin","2019-06-17 13:36:30.31","false"
"0CCE0000272","ECCCCE0003297","EAN 13","GM","","false","CCE","ShaileshN","2018-12-17 12:05:54.033","CCE","Admin","2019-06-17 13:36:30.31","false"
"0CCE0000272","ECCCCE0003307","EAN 13","GM","","false","CCE","ShaileshN","2018-12-17 12:05:59.537","CCE","Admin","2019-06-17 13:36:30.31","false"
"0CCE0000272","ECCCCE0003317","EAN 13","GM","","false","CCE","ShaileshN","2018-12-17 12:06:04.643","CCE","Admin","2019-06-17 13:36:30.31","false"
"0CCE0000272","ECCCCE0003327","EAN 13","GM","","false","CCE","ShaileshN","2018-12-17 12:06:10.347","CCE","Admin","2019-06-17 13:36:30.31","false"
"0CCE0000272","ECCCCE0003337","EAN 13","GM","","false","CCE","ShaileshN","2018-12-17 12:06:15.38","CCE","Admin","2019-06-17 13:36:30.31","false"
"0CCE0000272","ECCCCE0003347","EAN 13","GM","","false","CCE","ShaileshN","2018-12-17 12:06:20.8","CCE","Admin","2019-06-17 13:36:30.31","false"
"0CCE0000272","ECCCCE0003357","EAN 13","GM","","false","CCE","ShaileshN","2018-12-17 12:06:26.193","CCE","Admin","2019-06-17 13:36:30.31","false"
"0CCE0000272","ECCCCE0003367","EAN 13","GM","","false","CCE","ShaileshN","2018-12-17 12:06:31.457","CCE","Admin","2019-06-17 13:36:30.31","false"
"0CCE0000272","ECCCCE0003377","EAN 13","GM","","false","CCE","ShaileshN","2018-12-17 12:06:36.707","CCE","Admin","2019-06-17 13:36:30.31","false"
"0CCE0000272","ECCCCE0003387","EAN 13","GM","","false","CCE","ShaileshN","2018-12-17 12:06:42.723","CCE","Admin","2019-06-17 13:36:30.31","false"
"0CCE0000272","ECCCCE0003397","EAN 13","GM","","false","CCE","ShaileshN","2018-12-17 12:06:48.303","CCE","Admin","2019-06-17 13:36:30.31","false"
"0CCE0000272","ECCCCE0003407","EAN 13","GM","","false","CCE","ShaileshN","2018-12-17 12:06:53.833","CCE","Admin","2019-06-17 13:36:30.31","false"
"0CCE0000272","ECCCCE0003417","EAN 13","GM","","false","CCE","ShaileshN","2018-12-17 12:06:59.32","CCE","Admin","2019-06-17 13:36:30.31","false"
"0CCE0000272","ECCCCE0003427","EAN 13","GM","","false","CCE","ShaileshN","2018-12-17 12:07:04.93","CCE","Admin","2019-06-17 13:36:30.31","false"
"0CCE0000272","ECCCCE0003437","EAN 13","GM","","false","CCE","ShaileshN","2018-12-17 12:07:10.837","CCE","Admin","2019-06-17 13:36:30.31","false"
"0CCE0000272","ECCCCE0003447","EAN 13","GM","","false","CCE","ShaileshN","2018-12-17 12:07:16.383","CCE","Admin","2019-06-17 13:36:30.31","false"
"0CCE0000272","ECCCCE0003457","EAN 13","GM","","false","CCE","ShaileshN","2018-12-17 12:07:22.103","CCE","Admin","2019-06-17 13:36:30.31","false"
"0CCE0000272","ECCCCE0003467","EAN 13","GM","","false","CCE","ShaileshN","2018-12-17 12:07:27.993","CCE","Admin","2019-06-17 13:36:30.31","false"
"0CCE0000272","ECCCCE0003477","EAN 13","GM","","false","CCE","ShaileshN","2018-12-17 12:07:33.633","CCE","Admin","2019-06-17 13:36:30.31","false"
"0CCE0000272","ECCCCE0003487","EAN 13","GM","","false","CCE","ShaileshN","2018-12-17 12:07:39.523","CCE","Admin","2019-06-17 13:36:30.31","false"
"0CCE0000272","ECCCCE0003497","EAN 13","GM","","false","CCE","ShaileshN","2018-12-17 12:07:45.15","CCE","Admin","2019-06-17 13:36:30.31","false"
"0CCE0000272","ECCCCE0003507","EAN 13","GM","","false","CCE","ShaileshN","2018-12-17 12:07:50.977","CCE","Admin","2019-06-17 13:36:30.31","false"
"0CCE0000272","ECCCCE0003517","EAN 13","GM","","false","CCE","ShaileshN","2018-12-17 12:07:56.9","CCE","Admin","2019-06-17 13:36:30.31","false"
"0CCE0000272","ECCCCE0003527","EAN 13","GM","","false","CCE","ShaileshN","2018-12-17 12:08:02.947","CCE","Admin","2019-06-17 13:36:30.31","false"
"0CCE0000272","ECCCCE0003537","EAN 13","GM","","false","CCE","ShaileshN","2018-12-17 12:08:08.65","CCE","Admin","2019-06-17 13:36:30.31","false"
"0CCE0000272","ECCCCE0003547","EAN 13","GM","","false","CCE","ShaileshN","2018-12-17 12:08:15.23","CCE","Admin","2019-06-17 13:36:30.31","false"
"0CCE0000272","ECCCCE0003557","EAN 13","GM","","false","CCE","ShaileshN","2018-12-17 12:08:21.26","CCE","Admin","2019-06-17 13:36:30.31","false"
"0CCE0000272","ECCCCE0003567","EAN 13","GM","","false","CCE","ShaileshN","2018-12-17 12:08:27.557","CCE","Admin","2019-06-17 13:36:30.31","false"
"0CCE0000272","ECCCCE0003577","EAN 13","GM","","false","CCE","ShaileshN","2018-12-17 12:08:33.933","CCE","Admin","2019-06-17 13:36:30.31","false"
"0CCE0000272","ECCCCE0003587","EAN 13","GM","","false","CCE","ShaileshN","2018-12-17 12:08:40.263","CCE","Admin","2019-06-17 13:36:30.31","false"
"0CCE0000272","ECCCCE0003597","EAN 13","GM","","false","CCE","ShaileshN","2018-12-17 12:08:46.67","CCE","Admin","2019-06-17 13:36:30.31","false"
"0CCE0000272","ECCCCE0003607","EAN 13","GM","","false","CCE","ShaileshN","2018-12-17 12:08:53.34","CCE","Admin","2019-06-17 13:36:30.31","false"
"0CCE0000272","ECCCCE0003617","EAN 13","GM","","false","CCE","ShaileshN","2018-12-17 12:09:00.03","CCE","Admin","2019-06-17 13:36:30.31","false"
"0CCE0000272","ECCCCE0003627","EAN 13","GM","","false","CCE","ShaileshN","2018-12-17 12:09:06.45","CCE","Admin","2019-06-17 13:36:30.31","false"
"0CCE0000272","ECCCCE0003637","EAN 13","GM","","false","CCE","ShaileshN","2018-12-17 12:09:12.64","CCE","Admin","2019-06-17 13:36:30.31","false"
"0CCE0000272","ECCCCE0003647","EAN 13","GM","","false","CCE","ShaileshN","2018-12-17 12:09:19.123","CCE","Admin","2019-06-17 13:36:30.31","false"
"0CCE0000272","ECCCCE0003657","EAN 13","GM","","false","CCE","ShaileshN","2018-12-17 12:09:25.42","CCE","Admin","2019-06-17 13:36:30.31","false"
"0CCE0000272","ECCCCE0003667","EAN 13","GM","","false","CCE","ShaileshN","2018-12-17 12:09:31.873","CCE","Admin","2019-06-17 13:36:30.31","false"
"0CCE0000272","ECCCCE0003677","EAN 13","GM","","false","CCE","ShaileshN","2018-12-17 12:09:38.267","CCE","Admin","2019-06-17 13:36:30.31","false"
"0CCE0000272","ECCCCE0003687","EAN 13","GM","","false","CCE","ShaileshN","2018-12-17 12:09:45.03","CCE","Admin","2019-06-17 13:36:30.31","false"
"0CCE0000272","ECCCCE0003697","EAN 13","GM","","false","CCE","ShaileshN","2018-12-17 12:09:51.767","CCE","Admin","2019-06-17 13:36:30.31","false"
"0CCE0000272","ECCCCE0003707","EAN 13","GM","","false","CCE","ShaileshN","2018-12-17 12:09:58.75","CCE","Admin","2019-06-17 13:36:30.31","false"
"0CCE0000272","ECCCCE0003717","EAN 13","GM","","false","CCE","ShaileshN","2018-12-17 12:10:05.533","CCE","Admin","2019-06-17 13:36:30.31","false"
"0CCE0000272","ECCCCE0003727","EAN 13","GM","","false","CCE","ShaileshN","2018-12-17 12:10:12.267","CCE","Admin","2019-06-17 13:36:30.31","false"
"0CCE0000272","ECCCCE0003737","EAN 13","GM","","false","CCE","ShaileshN","2018-12-17 12:10:19.253","CCE","Admin","2019-06-17 13:36:30.31","false"
"0CCE0000272","ECCCCE0003747","EAN 13","GM","","false","CCE","ShaileshN","2018-12-17 12:10:26.423","CCE","Admin","2019-06-17 13:36:30.31","false"
"0CCE0000272","ECCCCE0003757","EAN 13","GM","","false","CCE","ShaileshN","2018-12-17 12:10:33.8","CCE","Admin","2019-06-17 13:36:30.31","false"
"0CCE0000272","ECCCCE0003767","EAN 13","GM","","false","CCE","ShaileshN","2018-12-17 12:10:40.677","CCE","Admin","2019-06-17 13:36:30.31","false"
"0CCE0000272","ECCCCE0003777","EAN 13","GM","","false","CCE","ShaileshN","2018-12-17 12:10:47.863","CCE","Admin","2019-06-17 13:36:30.31","false"
"0CCE0000272","ECCCCE0003787","EAN 13","GM","","false","CCE","ShaileshN","2018-12-17 12:10:55.503","CCE","Admin","2019-06-17 13:36:30.31","false"
"0CCE0000272","ECCCCE0003797","EAN 13","GM","","false","CCE","ShaileshN","2018-12-17 12:11:02.91","CCE","Admin","2019-06-17 13:36:30.31","false"
"0CCE0000272","ECCCCE0003807","EAN 13","GM","","false","CCE","ShaileshN","2018-12-17 12:11:10.397","CCE","Admin","2019-06-17 13:36:30.31","false"
"0CCE0000272","ECCCCE0003817","EAN 13","GM","","false","CCE","ShaileshN","2018-12-17 12:11:17.957","CCE","Admin","2019-06-17 13:36:30.31","false"
"0CCE0000272","ECCCCE0003827","EAN 13","GM","","false","CCE","ShaileshN","2018-12-17 12:11:25.63","CCE","Admin","2019-06-17 13:36:30.31","false"
"0CCE0000272","ECCCCE0003837","EAN 13","GM","","false","CCE","ShaileshN","2018-12-17 12:11:33.803","CCE","Admin","2019-06-17 13:36:30.31","false"
"0CCE0000272","ECCCCE0003847","EAN 13","GM","","false","CCE","ShaileshN","2018-12-17 12:11:41.6","CCE","Admin","2019-06-17 13:36:30.31","false"
"0CCE0000272","ECCCCE0003857","EAN 13","GM","","false","CCE","ShaileshN","2018-12-17 12:11:49.24","CCE","Admin","2019-06-17 13:36:30.31","false"
"0CCE0000272","ECCCCE0003867","EAN 13","GM","","false","CCE","ShaileshN","2018-12-17 12:11:57.913","CCE","Admin","2019-06-17 13:36:30.31","false"
"0CCE0000272","ECCCCE0003877","EAN 13","GM","","false","CCE","ShaileshN","2018-12-17 12:12:06.587","CCE","Admin","2019-06-17 13:36:30.31","false"
"0CCE0000272","ECCCCE0003887","EAN 13","GM","","false","CCE","ShaileshN","2018-12-17 12:12:14.43","CCE","Admin","2019-06-17 13:36:30.31","false"
"0CCE0000272","ECCCCE0003897","EAN 13","GM","","false","CCE","ShaileshN","2018-12-17 12:12:22.32","CCE","Admin","2019-06-17 13:36:30.31","false"
"0CCE0000272","ECCCCE0003907","EAN 13","GM","","false","CCE","ShaileshN","2018-12-17 12:12:30.383","CCE","Admin","2019-06-17 13:36:30.31","false"
"0CCE0000272","ECCCCE0003917","EAN 13","GM","","false","CCE","ShaileshN","2018-12-17 12:12:38.277","CCE","Admin","2019-06-17 13:36:30.31","false"
"0CCE0000272","ECCCCE0003927","EAN 13","GM","","false","CCE","ShaileshN","2018-12-17 12:12:46.15","CCE","Admin","2019-06-17 13:36:30.31","false"
"0CCE0000272","ECCCCE0003937","EAN 13","GM","","false","CCE","ShaileshN","2018-12-17 12:12:54.587","CCE","Admin","2019-06-17 13:36:30.31","false"
"0CCE0000272","ECCCCE0003947","EAN 13","GM","","false","CCE","ShaileshN","2018-12-17 12:13:02.697","CCE","Admin","2019-06-17 13:36:30.31","false"
"0CCE0000272","ECCCCE0003957","EAN 13","GM","","false","CCE","ShaileshN","2018-12-17 12:13:10.653","CCE","Admin","2019-06-17 13:36:30.31","false"
"0CCE0000272","ECCCCE0003967","EAN 13","GM","","false","CCE","ShaileshN","2018-12-17 12:13:19.293","CCE","Admin","2019-06-17 13:36:30.31","false"
"0CCE0000272","ECCCCE0003977","EAN 13","GM","","false","CCE","ShaileshN","2018-12-17 12:13:27.73","CCE","Admin","2019-06-17 13:36:30.31","false"
"0CCE0000272","ECCCCE0003987","EAN 13","GM","","false","CCE","ShaileshN","2018-12-17 12:13:35.98","CCE","Admin","2019-06-17 13:36:30.31","false"
"0CCE0000272","ECCCCE0003997","EAN 13","GM","","false","CCE","ShaileshN","2018-12-17 12:13:44.513","CCE","Admin","2019-06-17 13:36:30.31","false"
"0CCE0000272","ECCCCE0004007","EAN 13","GM","","false","CCE","ShaileshN","2018-12-17 12:13:52.937","CCE","Admin","2019-06-17 13:36:30.31","false"
"0CCE0000272","ECCCCE0004017","EAN 13","GM","","false","CCE","ShaileshN","2018-12-17 12:14:00.967","CCE","Admin","2019-06-17 13:36:30.31","false"
"0CCE0000272","ECCCCE0004027","EAN 13","GM","","false","CCE","ShaileshN","2018-12-17 12:14:09.53","CCE","Admin","2019-06-17 13:36:30.31","false"
"0CCE0000272","ECCCCE0004037","EAN 13","GM","","false","CCE","ShaileshN","2018-12-17 12:14:18.157","CCE","Admin","2019-06-17 13:36:30.31","false"
"0CCE0000272","ECCCCE0004047","EAN 13","GM","","false","CCE","ShaileshN","2018-12-17 12:14:27.157","CCE","Admin","2019-06-17 13:36:30.31","false"
"0CCE0000272","ECCCCE0004057","EAN 13","GM","","false","CCE","ShaileshN","2018-12-17 12:14:35.827","CCE","Admin","2019-06-17 13:36:30.31","false"
"0CCE0000272","ECCCCE0004067","EAN 13","GM","","false","CCE","ShaileshN","2018-12-17 12:14:44.783","CCE","Admin","2019-06-17 13:36:30.31","false"
"0CCE0000272","ECCCCE0004077","EAN 13","GM","","false","CCE","ShaileshN","2018-12-17 12:14:53.5","CCE","Admin","2019-06-17 13:36:30.31","false"
"0CCE0000272","ECCCCE0004087","EAN 13","GM","","false","CCE","ShaileshN","2018-12-17 12:15:02.313","CCE","Admin","2019-06-17 13:36:30.31","false"
"0CCE0000272","ECCCCE0004097","EAN 13","GM","","false","CCE","ShaileshN","2018-12-17 12:15:11.283","CCE","Admin","2019-06-17 13:36:30.31","false"
"0CCE0000272","ECCCCE0004107","EAN 13","GM","","false","CCE","ShaileshN","2018-12-17 12:15:20.487","CCE","Admin","2019-06-17 13:36:30.31","false"
"0CCE0000272","ECCCCE0004117","EAN 13","GM","","false","CCE","ShaileshN","2018-12-17 12:15:29.613","CCE","Admin","2019-06-17 13:36:30.31","false"
"0CCE0000272","ECCCCE0004127","EAN 13","GM","","false","CCE","ShaileshN","2018-12-17 12:15:38.877","CCE","Admin","2019-06-17 13:36:30.31","false"
"0CCE0000272","ECCCCE0004137","EAN 13","GM","","false","CCE","ShaileshN","2018-12-17 12:15:49.27","CCE","Admin","2019-06-17 13:36:30.31","false"
"0CCE0000272","ECCCCE0004147","EAN 13","GM","","false","CCE","ShaileshN","2018-12-17 12:15:59.99","CCE","Admin","2019-06-17 13:36:30.31","false"
"0CCE0000272","ECCCCE0004167","EAN 13","GM","","false","CCE","ShaileshN","2018-12-17 13:02:25.813","CCE","Admin","2019-06-17 13:36:30.31","false"
"0CCE0000272","ECCCCE0004177","EAN 13","GM","","false","CCE","ShaileshN","2018-12-17 13:02:34.413","CCE","Admin","2019-06-17 13:36:30.31","false"
"0CCE0000272","ECCCCE0004187","EAN 13","GM","","false","CCE","ShaileshN","2018-12-17 13:02:42.477","CCE","Admin","2019-06-17 13:36:30.31","false"
"0CCE0000272","ECCCCE0004197","EAN 13","GM","","false","CCE","ShaileshN","2018-12-17 13:02:50.727","CCE","Admin","2019-06-17 13:36:30.31","false"
"0CCE0000272","ECCCCE0004207","EAN 13","GM","","false","CCE","ShaileshN","2018-12-17 13:02:59.167","CCE","Admin","2019-06-17 13:36:30.31","false"
"0CCE0000272","ECCCCE0004217","EAN 13","GM","","false","CCE","ShaileshN","2018-12-17 13:03:07.573","CCE","Admin","2019-06-17 13:36:30.31","false"
"0CCE0000272","ECCCCE0004227","EAN 13","GM","","false","CCE","ShaileshN","2018-12-17 13:03:16.23","CCE","Admin","2019-06-17 13:36:30.31","false"
"0CCE0000272","ECCCCE0004237","EAN 13","GM","","false","CCE","ShaileshN","2018-12-17 13:03:24.543","CCE","Admin","2019-06-17 13:36:30.31","false"
"0CCE0000272","ECCCCE0004247","EAN 13","GM","","false","CCE","ShaileshN","2018-12-17 13:03:33.153","CCE","Admin","2019-06-17 13:36:30.31","false"
"0CCE0000272","ECCCCE0004257","EAN 13","GM","","false","CCE","ShaileshN","2018-12-17 13:03:41.857","CCE","Admin","2019-06-17 13:36:30.31","false"
"0CCE0000272","ECCCCE0004267","EAN 13","GM","","false","CCE","ShaileshN","2018-12-17 13:03:50.31","CCE","Admin","2019-06-17 13:36:30.31","false"
"0CCE0000272","ECCCCE0004277","EAN 13","GM","","false","CCE","ShaileshN","2018-12-17 13:03:58.763","CCE","Admin","2019-06-17 13:36:30.31","false"
"0CCE0000272","ECCCCE0004287","EAN 13","GM","","false","CCE","ShaileshN","2018-12-17 13:04:07.45","CCE","Admin","2019-06-17 13:36:30.31","false"
"0CCE0000272","ECCCCE0004297","EAN 13","GM","","false","CCE","ShaileshN","2018-12-17 13:04:18.14","CCE","Admin","2019-06-17 13:36:30.31","false"
"0CCE0000272","ECCCCE0004307","EAN 13","GM","","false","CCE","ShaileshN","2018-12-17 13:04:26.78","CCE","Admin","2019-06-17 13:36:30.31","false"
"0CCE0000272","ECCCCE0004317","EAN 13","GM","","false","CCE","ShaileshN","2018-12-17 13:04:35.453","CCE","Admin","2019-06-17 13:36:30.31","false"
"0CCE0000272","ECCCCE0004327","EAN 13","GM","","false","CCE","ShaileshN","2018-12-17 13:04:44.173","CCE","Admin","2019-06-17 13:36:30.31","false"
"0CCE0000272","ECCCCE0004337","EAN 13","GM","","false","CCE","ShaileshN","2018-12-17 13:04:52.89","CCE","Admin","2019-06-17 13:36:30.31","false"
"0CCE0000272","ECCCCE0004347","EAN 13","GM","","false","CCE","ShaileshN","2018-12-17 13:05:01.627","CCE","Admin","2019-06-17 13:36:30.31","false"
"0CCE0000272","ECCCCE0004357","EAN 13","GM","","false","CCE","ShaileshN","2018-12-17 13:05:10.897","CCE","Admin","2019-06-17 13:36:30.31","false"
"0CCE0000272","ECCCCE0004367","EAN 13","GM","","false","CCE","ShaileshN","2018-12-17 13:05:19.987","CCE","Admin","2019-06-17 13:36:30.31","false"
"0CCE0000272","ECCCCE0004377","EAN 13","GM","","false","CCE","ShaileshN","2018-12-17 13:05:29.203","CCE","Admin","2019-06-17 13:36:30.31","false"
"0CCE0000272","ECCCCE0004387","EAN 13","GM","","false","CCE","ShaileshN","2018-12-17 13:05:38.267","CCE","Admin","2019-06-17 13:36:30.31","false"
"0CCE0000272","ECCCCE0004397","EAN 13","GM","","false","CCE","ShaileshN","2018-12-17 13:05:47.363","CCE","Admin","2019-06-17 13:36:30.31","false"
"0CCE0000272","ECCCCE0004407","EAN 13","GM","","false","CCE","ShaileshN","2018-12-17 13:05:56.67","CCE","Admin","2019-06-17 13:36:30.31","false"
"0CCE0000272","ECCCCE0004417","EAN 13","GM","","false","CCE","ShaileshN","2018-12-17 13:06:05.983","CCE","Admin","2019-06-17 13:36:30.31","false"
"0CCE0000272","ECCCCE0004427","EAN 13","GM","","false","CCE","ShaileshN","2018-12-17 13:06:15.36","CCE","Admin","2019-06-17 13:36:30.31","false"
"0CCE0000272","ECCCCE0004437","EAN 13","GM","","false","CCE","ShaileshN","2018-12-17 13:06:24.953","CCE","Admin","2019-06-17 13:36:30.31","false"
"0CCE0000272","ECCCCE0004447","EAN 13","GM","","false","CCE","ShaileshN","2018-12-17 13:06:34.423","CCE","Admin","2019-06-17 13:36:30.31","false"
"0CCE0000272","ECCCCE0004457","EAN 13","GM","","false","CCE","ShaileshN","2018-12-17 13:06:44.097","CCE","Admin","2019-06-17 13:36:30.31","false"
"0CCE0000272","ECCCCE0004467","EAN 13","GM","","false","CCE","ShaileshN","2018-12-17 13:06:53.72","CCE","Admin","2019-06-17 13:36:30.31","false"
"0CCE0000272","ECCCCE0004477","EAN 13","GM","","false","CCE","ShaileshN","2018-12-17 13:07:03.567","CCE","Admin","2019-06-17 13:36:30.31","false"
"0CCE0000272","ECCCCE0004487","EAN 13","GM","","false","CCE","ShaileshN","2018-12-17 13:07:13.067","CCE","Admin","2019-06-17 13:36:30.31","false"
"0CCE0000272","ECCCCE0004497","EAN 13","GM","","false","CCE","ShaileshN","2018-12-17 13:07:22.66","CCE","Admin","2019-06-17 13:36:30.31","false"
"0CCE0000272","ECCCCE0004507","EAN 13","GM","","false","CCE","ShaileshN","2018-12-17 13:07:32.5","CCE","Admin","2019-06-17 13:36:30.31","false"
"0CCE0000272","ECCCCE0004517","EAN 13","GM","","false","CCE","ShaileshN","2018-12-17 13:07:42.323","CCE","Admin","2019-06-17 13:36:30.31","false"
"0CCE0000272","ECCCCE0004527","EAN 13","GM","","false","CCE","ShaileshN","2018-12-17 13:07:52.277","CCE","Admin","2019-06-17 13:36:30.31","false"
"0CCE0000272","ECCCCE0004537","EAN 13","GM","","false","CCE","ShaileshN","2018-12-17 13:08:02.31","CCE","Admin","2019-06-17 13:36:30.31","false"
"0CCE0000272","ECCCCE0004547","EAN 13","GM","","false","CCE","ShaileshN","2018-12-17 13:08:12.23","CCE","Admin","2019-06-17 13:36:30.31","false"
"0CCE0000272","ECCCCE0004557","EAN 13","GM","","false","CCE","ShaileshN","2018-12-17 13:08:22.34","CCE","Admin","2019-06-17 13:36:30.31","false"
"0CCE0000272","ECCCCE0004567","EAN 13","GM","","false","CCE","ShaileshN","2018-12-17 13:08:32.497","CCE","Admin","2019-06-17 13:36:30.31","false"
"0CCE0000272","ECCCCE0004577","EAN 13","GM","","false","CCE","ShaileshN","2018-12-17 13:08:42.733","CCE","Admin","2019-06-17 13:36:30.31","false"
"0CCE0000272","ECCCCE0004587","EAN 13","GM","","false","CCE","ShaileshN","2018-12-17 13:08:52.907","CCE","Admin","2019-06-17 13:36:30.31","false"
"0CCE0000272","ECCCCE0004597","EAN 13","GM","","false","CCE","ShaileshN","2018-12-17 13:09:03.267","CCE","Admin","2019-06-17 13:36:30.31","false"
"0CCE0000272","ECCCCE0004607","EAN 13","GM","","false","CCE","ShaileshN","2018-12-17 13:09:13.657","CCE","Admin","2019-06-17 13:36:30.31","false"
"0CCE0000272","ECCCCE0004617","EAN 13","GM","","false","CCE","ShaileshN","2018-12-17 13:09:24.187","CCE","Admin","2019-06-17 13:36:30.31","false"
"0CCE0000272","ECCCCE0004627","EAN 13","GM","","false","CCE","ShaileshN","2018-12-17 13:09:34.797","CCE","Admin","2019-06-17 13:36:30.31","false"
"0CCE0000272","ECCCCE0004637","EAN 13","GM","","false","CCE","ShaileshN","2018-12-17 13:09:45.383","CCE","Admin","2019-06-17 13:36:30.31","false"
"0CCE0000272","ECCCCE0004647","EAN 13","GM","","false","CCE","ShaileshN","2018-12-17 13:09:56.087","CCE","Admin","2019-06-17 13:36:30.31","false"
"0CCE0000272","ECCCCE0004657","EAN 13","GM","","false","CCE","ShaileshN","2018-12-17 13:10:07.213","CCE","Admin","2019-06-17 13:36:30.31","false"
"0CCE0000272","ECCCCE0004667","EAN 13","GM","","false","CCE","ShaileshN","2018-12-17 13:10:17.997","CCE","Admin","2019-06-17 13:36:30.31","false"
"0CCE0000272","ECCCCE0004677","EAN 13","GM","","false","CCE","ShaileshN","2018-12-17 13:10:28.997","CCE","Admin","2019-06-17 13:36:30.31","false"
"0CCE0000272","ECCCCE0004687","EAN 13","GM","","false","CCE","ShaileshN","2018-12-17 13:10:39.857","CCE","Admin","2019-06-17 13:36:30.31","false"
"0CCE0000272","ECCCCE0004697","EAN 13","GM","","false","CCE","ShaileshN","2018-12-17 13:10:51.153","CCE","Admin","2019-06-17 13:36:30.31","false"
"0CCE0000272","ECCCCE0004707","EAN 13","GM","","false","CCE","ShaileshN","2018-12-17 13:11:02.403","CCE","Admin","2019-06-17 13:36:30.31","false"
"0CCE0000272","ECCCCE0004717","EAN 13","GM","","false","CCE","ShaileshN","2018-12-17 13:11:13.577","CCE","Admin","2019-06-17 13:36:30.31","false"
"0CCE0000272","ECCCCE0004727","EAN 13","GM","","false","CCE","ShaileshN","2018-12-17 13:11:24.937","CCE","Admin","2019-06-17 13:36:30.31","false"
"0CCE0000272","ECCCCE0004737","EAN 13","GM","","false","CCE","ShaileshN","2018-12-17 13:11:36.217","CCE","Admin","2019-06-17 13:36:30.31","false"
"0CCE0000272","ECCCCE0004747","EAN 13","GM","","false","CCE","ShaileshN","2018-12-17 13:11:47.267","CCE","Admin","2019-06-17 13:36:30.31","false"
"0CCE0000272","ECCCCE0004757","EAN 13","GM","","false","CCE","ShaileshN","2018-12-17 13:11:58.36","CCE","Admin","2019-06-17 13:36:30.31","false"
"0CCE0000272","ECCCCE0004767","EAN 13","GM","","false","CCE","ShaileshN","2018-12-17 13:12:10.017","CCE","Admin","2019-06-17 13:36:30.31","false"
"0CCE0000272","ECCCCE0004777","EAN 13","GM","","false","CCE","ShaileshN","2018-12-17 13:12:21.817","CCE","Admin","2019-06-17 13:36:30.31","false"
"0CCE0000272","ECCCCE0004787","EAN 13","GM","","false","CCE","ShaileshN","2018-12-17 13:12:33.58","CCE","Admin","2019-06-17 13:36:30.31","false"
"0CCE0000272","ECCCCE0004797","EAN 13","GM","","false","CCE","ShaileshN","2018-12-17 13:12:45.44","CCE","Admin","2019-06-17 13:36:30.31","false"
"0CCE0000272","ECCCCE0004807","EAN 13","GM","","false","CCE","ShaileshN","2018-12-17 13:12:56.973","CCE","Admin","2019-06-17 13:36:30.31","false"
"0CCE0000272","ECCCCE0004817","EAN 13","GM","","false","CCE","ShaileshN","2018-12-17 13:13:08.973","CCE","Admin","2019-06-17 13:36:30.31","false"
"0CCE0000272","ECCCCE0004827","EAN 13","GM","","false","CCE","ShaileshN","2018-12-17 13:13:20.663","CCE","Admin","2019-06-17 13:36:30.31","false"
"0CCE0000272","ECCCCE0004837","EAN 13","GM","","false","CCE","ShaileshN","2018-12-17 13:13:32.547","CCE","Admin","2019-06-17 13:36:30.31","false"
"0CCE0000272","ECCCCE0004847","EAN 13","GM","","false","CCE","ShaileshN","2018-12-17 13:13:44.36","CCE","Admin","2019-06-17 13:36:30.31","false"
"0CCE0000272","ECCCCE0004857","EAN 13","GM","","false","CCE","ShaileshN","2018-12-17 13:13:56.563","CCE","Admin","2019-06-17 13:36:30.31","false"
"0CCE0000272","ECCCCE0004867","EAN 13","GM","","false","CCE","ShaileshN","2018-12-17 13:14:08.987","CCE","Admin","2019-06-17 13:36:30.31","false"
"0CCE0000272","ECCCCE0004877","EAN 13","GM","","false","CCE","ShaileshN","2018-12-17 13:14:21.55","CCE","Admin","2019-06-17 13:36:30.31","false"
"0CCE0000272","ECCCCE0004887","EAN 13","GM","","false","CCE","ShaileshN","2018-12-17 13:14:34.08","CCE","Admin","2019-06-17 13:36:30.31","false"
"0CCE0000272","ECCCCE0004897","EAN 13","GM","","false","CCE","ShaileshN","2018-12-17 13:14:46.88","CCE","Admin","2019-06-17 13:36:30.31","false"
"0CCE0000272","ECCCCE0004907","EAN 13","GM","","false","CCE","ShaileshN","2018-12-17 13:14:59.503","CCE","Admin","2019-06-17 13:36:30.31","false"
"0CCE0000272","ECCCCE0004917","EAN 13","GM","","false","CCE","ShaileshN","2018-12-17 13:15:11.973","CCE","Admin","2019-06-17 13:36:30.31","false"
"0CCE0000272","ECCCCE0004927","EAN 13","GM","","false","CCE","ShaileshN","2018-12-17 13:15:24.833","CCE","Admin","2019-06-17 13:36:30.31","false"
"0CCE0000272","ECCCCE0004937","EAN 13","GM","","false","CCE","ShaileshN","2018-12-17 13:15:37.82","CCE","Admin","2019-06-17 13:36:30.31","false"
"0CCE0000272","ECCCCE0004947","EAN 13","GM","","false","CCE","ShaileshN","2018-12-17 13:15:50.773","CCE","Admin","2019-06-17 13:36:30.31","false"
"0CCE0000272","ECCCCE0004957","EAN 13","GM","","false","CCE","ShaileshN","2018-12-17 13:16:03.46","CCE","Admin","2019-06-17 13:36:30.31","false"
"0CCE0000272","ECCCCE0004967","EAN 13","GM","","false","CCE","ShaileshN","2018-12-17 13:16:16.65","CCE","Admin","2019-06-17 13:36:30.31","false"
"0CCE0000272","ECCCCE0004977","EAN 13","GM","","false","CCE","ShaileshN","2018-12-17 13:16:30.417","CCE","Admin","2019-06-17 13:36:30.31","false"
"0CCE0000272","ECCCCE0004987","EAN 13","GM","","false","CCE","ShaileshN","2018-12-17 13:16:43.65","CCE","Admin","2019-06-17 13:36:30.31","false"
"0CCE0000272","ECCCCE0004997","EAN 13","GM","","false","CCE","ShaileshN","2018-12-17 13:16:57.027","CCE","Admin","2019-06-17 13:36:30.31","false"
"0CCE0000272","ECCCCE0005007","EAN 13","GM","","false","CCE","ShaileshN","2018-12-17 13:17:10.607","CCE","Admin","2019-06-17 13:36:30.31","false"
"0CCE0000272","ECCCCE0005017","EAN 13","GM","","false","CCE","ShaileshN","2018-12-17 13:17:24.09","CCE","Admin","2019-06-17 13:36:30.31","false"
"0CCE0000272","ECCCCE0005027","EAN 13","GM","","false","CCE","ShaileshN","2018-12-17 13:17:37.543","CCE","Admin","2019-06-17 13:36:30.31","false"
"0CCE0000272","ECCCCE0005037","EAN 13","GM","","false","CCE","ShaileshN","2018-12-17 13:17:51.35","CCE","Admin","2019-06-17 13:36:30.31","false"
"0CCE0000272","ECCCCE0005047","EAN 13","GM","","false","CCE","ShaileshN","2018-12-17 13:18:05.233","CCE","Admin","2019-06-17 13:36:30.31","false"
"0CCE0000272","ECCCCE0005057","EAN 13","GM","","false","CCE","ShaileshN","2018-12-17 13:18:19.64","CCE","Admin","2019-06-17 13:36:30.31","false"
"0CCE0000272","ECCCCE0005067","EAN 13","GM","","false","CCE","ShaileshN","2018-12-17 13:18:33.533","CCE","Admin","2019-06-17 13:36:30.31","false"
"0CCE0000272","ECCCCE0005077","EAN 13","GM","","false","CCE","ShaileshN","2018-12-17 13:18:47.657","CCE","Admin","2019-06-17 13:36:30.31","false"
"0CCE0000272","ECCCCE0005087","EAN 13","GM","","false","CCE","ShaileshN","2018-12-17 13:19:01.703","CCE","Admin","2019-06-17 13:36:30.31","false"
"0CCE0000272","ECCCCE0005097","EAN 13","GM","","false","CCE","ShaileshN","2018-12-17 13:19:15.923","CCE","Admin","2019-06-17 13:36:30.31","false"
"0CCE0000272","ECCCCE0005107","EAN 13","GM","","false","CCE","ShaileshN","2018-12-17 13:19:30.47","CCE","Admin","2019-06-17 13:36:30.31","false"
"0CCE0000272","ECCCCE0005117","EAN 13","GM","","false","CCE","ShaileshN","2018-12-17 13:19:44.893","CCE","Admin","2019-06-17 13:36:30.31","false"
"0CCE0000272","ECCCCE0005127","EAN 13","GM","","false","CCE","ShaileshN","2018-12-17 13:19:59.737","CCE","Admin","2019-06-17 13:36:30.31","false"
"0CCE0000272","ECCCCE0005137","EAN 13","GM","","false","CCE","ShaileshN","2018-12-17 13:20:14.363","CCE","Admin","2019-06-17 13:36:30.31","false"
"0CCE0000272","ECCCCE0005147","EAN 13","GM","","false","CCE","ShaileshN","2018-12-17 13:20:29.03","CCE","Admin","2019-06-17 13:36:30.31","false"
"0CCE0000272","ECCCCE0005157","EAN 13","GM","","false","CCE","ShaileshN","2018-12-17 13:20:43.5","CCE","Admin","2019-06-17 13:36:30.31","false"
"0CCE0000272","ECCCCE0005167","EAN 13","GM","","false","CCE","ShaileshN","2018-12-17 13:20:58.44","CCE","Admin","2019-06-17 13:36:30.31","false"
"0CCE0000272","ECCCCE0005177","EAN 13","GM","","false","CCE","ShaileshN","2018-12-17 13:21:13.58","CCE","Admin","2019-06-17 13:36:30.31","false"
"0CCE0000272","ECCCCE0005187","EAN 13","GM","","false","CCE","ShaileshN","2018-12-17 13:21:28.393","CCE","Admin","2019-06-17 13:36:30.31","false"
"0CCE0000272","ECCCCE0005197","EAN 13","GM","","false","CCE","ShaileshN","2018-12-17 13:21:43.707","CCE","Admin","2019-06-17 13:36:30.31","false"
"0CCE0000272","ECCCCE0005207","EAN 13","GM","","false","CCE","ShaileshN","2018-12-17 13:21:58.597","CCE","Admin","2019-06-17 13:36:30.31","false"
"0CCE0000272","ECCCCE0005217","EAN 13","GM","","false","CCE","ShaileshN","2018-12-17 13:22:13.817","CCE","Admin","2019-06-17 13:36:30.31","false"
"0CCE0000272","ECCCCE0005227","EAN 13","GM","","false","CCE","ShaileshN","2018-12-17 13:22:29.27","CCE","Admin","2019-06-17 13:36:30.31","false"
"0CCE0000272","ECCCCE0005237","EAN 13","GM","","false","CCE","ShaileshN","2018-12-17 13:22:44.443","CCE","Admin","2019-06-17 13:36:30.31","false"
"0CCE0000272","ECCCCE0005247","EAN 13","GM","","false","CCE","ShaileshN","2018-12-17 13:22:59.867","CCE","Admin","2019-06-17 13:36:30.31","false"
"0CCE0000272","ECCCCE0005257","EAN 13","GM","","false","CCE","ShaileshN","2018-12-17 13:23:15.46","CCE","Admin","2019-06-17 13:36:30.31","false"
"0CCE0000272","ECCCCE0005267","EAN 13","GM","","false","CCE","ShaileshN","2018-12-17 13:23:30.963","CCE","Admin","2019-06-17 13:36:30.31","false"
"0CCE0000272","ECCCCE0005277","EAN 13","GM","","false","CCE","ShaileshN","2018-12-17 13:23:46.917","CCE","Admin","2019-06-17 13:36:30.31","false"
"0CCE0000272","ECCCCE0005287","EAN 13","GM","","false","CCE","ShaileshN","2018-12-17 13:24:02.683","CCE","Admin","2019-06-17 13:36:30.31","false"
"0CCE0000272","ECCCCE0005297","EAN 13","GM","","false","CCE","ShaileshN","2018-12-17 13:24:18.793","CCE","Admin","2019-06-17 13:36:30.31","false"
"0CCE0000272","ECCCCE0005307","EAN 13","GM","","false","CCE","ShaileshN","2018-12-17 13:24:34.843","CCE","Admin","2019-06-17 13:36:30.31","false"
"0CCE0000272","ECCCCE0005317","EAN 13","GM","","false","CCE","ShaileshN","2018-12-17 13:24:51.357","CCE","Admin","2019-06-17 13:36:30.31","false"
"0CCE0000272","ECCCCE0005327","EAN 13","GM","","false","CCE","ShaileshN","2018-12-17 13:25:07.407","CCE","Admin","2019-06-17 13:36:30.31","false"
"0CCE0000272","ECCCCE0005337","EAN 13","GM","","false","CCE","ShaileshN","2018-12-17 13:25:24.093","CCE","Admin","2019-06-17 13:36:30.31","false"
"0CCE0000272","ECCCCE0005347","EAN 13","GM","","false","CCE","ShaileshN","2018-12-17 13:25:40.487","CCE","Admin","2019-06-17 13:36:30.31","false"
"0CCE0000272","ECCCCE0005357","EAN 13","GM","","false","CCE","ShaileshN","2018-12-17 13:25:56.91","CCE","Admin","2019-06-17 13:36:30.31","false"
"0CCE0000272","ECCCCE0005367","EAN 13","GM","","false","CCE","ShaileshN","2018-12-17 13:26:13.927","CCE","Admin","2019-06-17 13:36:30.31","false"
"0CCE0000272","ECCCCE0005377","EAN 13","GM","","false","CCE","ShaileshN","2018-12-17 13:26:30.443","CCE","Admin","2019-06-17 13:36:30.31","false"
"0CCE0006001","ECCCCE0006001","EAN 13","BAG","","true","CCE","Admin","2019-05-28 16:35:23.413","CCE","Admin","2019-05-31 05:10:25.887","true"
"0CCE0006002","ECCCCE0006002","EAN 13","BAG","","true","CCE","Admin","2019-05-28 18:06:42.187","CCE","Admin","2019-05-31 05:10:26.197","true"
"0CCE0006003","ECCCCE0006003","EAN 13","BAG","","true","CCE","Admin","2019-05-28 18:14:30.1","CCE","Admin","2019-05-31 05:10:26.667","true"
"0CCE0006004","ECCCCE0006004","EAN 13","BAG","","true","CCE","Admin","2019-05-30 17:36:41.27","CCE","Admin","2019-05-31 17:33:05.547","true"
"0CCE0006005","ECCCCE0006005","EAN 13","BAG","","true","CCE","Admin","2019-05-30 17:38:19.493","CCE","Admin","2019-05-31 17:33:15.143","true"
"0CCE0006006","ECCCCE0006006","EAN 13","BAG","","true","CCE","Admin","2019-06-14 12:13:57.723","CCE","Admin","2019-06-14 12:13:57.723","true"
