"0002","0CCE0000001","1","ECCCCE0000001","50.85","2019-06-17 13:37:37.78","","false","false","false","false","CCE","Admin","2019-06-17 13:37:37.78","CCE","Admin","2019-06-17 13:37:37.78","true",""
"0002","0CCE0000009","1","ECCCCE0000009","50.85","2019-06-17 13:37:37.813","","false","false","false","false","CCE","Admin","2019-06-17 13:37:37.813","CCE","Admin","2019-06-17 13:37:37.813","true",""
"0002","0CCE0000016","1","ECCCCE0000016","50.85","2019-06-17 13:37:37.86","","false","false","false","false","CCE","Admin","2019-06-17 13:37:37.86","CCE","Admin","2019-06-17 13:37:37.86","true",""
"0002","0CCE0000021","1","ECCCCE0000021","50.85","2019-06-17 13:37:37.89","","false","false","false","false","CCE","Admin","2019-06-17 13:37:37.89","CCE","Admin","2019-06-17 13:37:37.89","true",""
"0002","0CCE0000028","1","ECCCCE0000028","50.85","2019-06-17 13:37:37.937","","false","false","false","false","CCE","Admin","2019-06-17 13:37:37.937","CCE","Admin","2019-06-17 13:37:37.937","true",""
"0002","0CCE0000035","1","ECCCCE0000035","50.85","2019-06-17 13:37:37.97","","false","false","false","false","CCE","Admin","2019-06-17 13:37:37.97","CCE","Admin","2019-06-17 13:37:37.97","true",""
"0002","0CCE0000039","1","ECCCCE0000039","50.85","2019-06-17 13:37:38.017","","false","false","false","false","CCE","Admin","2019-06-17 13:37:38.017","CCE","Admin","2019-06-17 13:37:38.017","true",""
"0002","0CCE0000046","1","ECCCCE0000046","50.85","2019-06-17 13:37:38.047","","false","false","false","false","CCE","Admin","2019-06-17 13:37:38.047","CCE","Admin","2019-06-17 13:37:38.047","true",""
"0002","0CCE0000053","1","ECCCCE0000053","50.85","2019-06-17 13:37:38.093","","false","false","false","false","CCE","Admin","2019-06-17 13:37:38.093","CCE","Admin","2019-06-17 13:37:38.093","true",""
"0002","0CCE0000059","1","ECCCCE0000059","50.85","2019-06-17 13:37:38.127","","false","false","false","false","CCE","Admin","2019-06-17 13:37:38.127","CCE","Admin","2019-06-17 13:37:38.127","true",""
"0002","0CCE0000066","1","ECCCCE0000066","50.85","2019-06-17 13:37:38.173","","false","false","false","false","CCE","Admin","2019-06-17 13:37:38.173","CCE","Admin","2019-06-17 13:37:38.173","true",""
"0002","0CCE0000073","1","ECCCCE0000073","50.85","2019-06-17 13:37:38.203","","false","false","false","false","CCE","Admin","2019-06-17 13:37:38.203","CCE","Admin","2019-06-17 13:37:38.203","true",""
"0002","0CCE0000080","1","ECCCCE0000080","50.85","2019-06-17 13:37:38.25","","false","false","false","false","CCE","Admin","2019-06-17 13:37:38.25","CCE","Admin","2019-06-17 13:37:38.25","true",""
"0002","0CCE0000086","1","ECCCCE0000086","50.85","2019-06-17 13:37:38.28","","false","false","false","false","CCE","Admin","2019-06-17 13:37:38.28","CCE","Admin","2019-06-17 13:37:38.28","true",""
"0002","0CCE0000091","1","ECCCCE0000091","50.85","2019-06-17 13:37:38.327","","false","false","false","false","CCE","Admin","2019-06-17 13:37:38.327","CCE","Admin","2019-06-17 13:37:38.327","true",""
"0002","0CCE0000098","1","ECCCCE0000098","50.85","2019-06-17 13:37:38.36","","false","false","false","false","CCE","Admin","2019-06-17 13:37:38.36","CCE","Admin","2019-06-17 13:37:38.36","true",""
"0002","0CCE0000105","1","ECCCCE0000105","50.85","2019-06-17 13:37:38.407","","false","false","false","false","CCE","Admin","2019-06-17 13:37:38.407","CCE","Admin","2019-06-17 13:37:38.407","true",""
"0002","0CCE0000112","1","ECCCCE0000112","50.85","2019-06-17 13:37:38.437","","false","false","false","false","CCE","Admin","2019-06-17 13:37:38.437","CCE","Admin","2019-06-17 13:37:38.437","true",""
"0002","0CCE0000251","1","ECCCCE0000251","50.85","2019-06-17 13:37:38.483","","false","false","false","false","CCE","Admin","2019-06-17 13:37:38.483","CCE","Admin","2019-06-17 13:37:38.483","true",""
"0002","0CCE0000261","1","ECCCCE0000261","50.85","2019-06-17 13:37:38.517","","false","false","false","false","CCE","Admin","2019-06-17 13:37:38.517","CCE","Admin","2019-06-17 13:37:38.517","true",""
"0002","0CCE0000272","1","ECCCCE0000274","50.85","2019-06-17 13:37:38.547","","false","false","false","false","CCE","Admin","2019-06-17 13:37:38.547","CCE","Admin","2019-06-17 13:37:38.547","true",""
"0002","0CCE0000280","1","ECCCCE0000284","50.85","2019-06-17 13:37:38.563","","false","false","false","false","CCE","Admin","2019-06-17 13:37:38.563","CCE","Admin","2019-06-17 13:37:38.563","true",""
"0002","0CCE0000288","1","ECCCCE0000293","50.85","2019-06-17 13:37:38.593","","false","false","false","false","CCE","Admin","2019-06-17 13:37:38.593","CCE","Admin","2019-06-17 13:37:38.593","true",""
"0002","0CCE0000304","1","ECCCCE0000314","50.85","2019-06-17 13:37:38.627","","false","false","false","false","CCE","Admin","2019-06-17 13:37:38.627","CCE","Admin","2019-06-17 13:37:38.627","true",""
"0002","0CCE0000312","1","ECCCCE0000323","50.85","2019-06-17 13:37:38.673","","false","false","false","false","CCE","Admin","2019-06-17 13:37:38.673","CCE","Admin","2019-06-17 13:37:38.673","true",""
"0002","0CCE0000320","1","ECCCCE0000333","50.85","2019-06-17 13:37:38.703","","false","false","false","false","CCE","Admin","2019-06-17 13:37:38.703","CCE","Admin","2019-06-17 13:37:38.703","true",""
"0002","0CCE0000328","1","ECCCCE0000343","50.85","2019-06-17 13:37:38.75","","false","false","false","false","CCE","Admin","2019-06-17 13:37:38.75","CCE","Admin","2019-06-17 13:37:38.75","true",""
"0002","0CCE0000344","1","ECCCCE0000363","50.85","2019-06-17 13:37:38.78","","false","false","false","false","CCE","Admin","2019-06-17 13:37:38.78","CCE","Admin","2019-06-17 13:37:38.78","true",""
"0002","0CCE0000352","1","ECCCCE0000373","50.85","2019-06-17 13:37:38.827","","false","false","false","false","CCE","Admin","2019-06-17 13:37:38.827","CCE","Admin","2019-06-17 13:37:38.827","true",""
"0002","0CCE0000360","1","ECCCCE0000383","50.85","2019-06-17 13:37:38.86","","false","false","false","false","CCE","Admin","2019-06-17 13:37:38.86","CCE","Admin","2019-06-17 13:37:38.86","true",""
"0002","0CCE0000368","1","ECCCCE0000393","50.85","2019-06-17 13:37:38.907","","false","false","false","false","CCE","Admin","2019-06-17 13:37:38.907","CCE","Admin","2019-06-17 13:37:38.907","true",""
"0002","0CCE0000376","1","ECCCCE0000403","50.85","2019-06-17 13:37:38.937","","false","false","false","false","CCE","Admin","2019-06-17 13:37:38.937","CCE","Admin","2019-06-17 13:37:38.937","true",""
"0002","0CCE0000392","1","ECCCCE0000424","50.85","2019-06-17 13:37:38.983","","false","false","false","false","CCE","Admin","2019-06-17 13:37:38.983","CCE","Admin","2019-06-17 13:37:38.983","true",""
"0002","0CCE0000400","1","ECCCCE0000434","50.85","2019-06-17 13:37:39.017","","false","false","false","false","CCE","Admin","2019-06-17 13:37:39.017","CCE","Admin","2019-06-17 13:37:39.017","true",""
"0002","0CCE0000408","1","ECCCCE0000444","50.85","2019-06-17 13:37:39.063","","false","false","false","false","CCE","Admin","2019-06-17 13:37:39.063","CCE","Admin","2019-06-17 13:37:39.063","true",""
"0002","0CCE0000432","1","ECCCCE0000474","50.85","2019-06-17 13:37:39.093","","false","false","false","false","CCE","Admin","2019-06-17 13:37:39.093","CCE","Admin","2019-06-17 13:37:39.093","true",""
"0002","0CCE0000440","1","ECCCCE0000484","50.85","2019-06-17 13:37:39.14","","false","false","false","false","CCE","Admin","2019-06-17 13:37:39.14","CCE","Admin","2019-06-17 13:37:39.14","true",""
"0002","0CCE0000448","1","ECCCCE0000496","50.85","2019-06-17 13:37:39.173","","false","false","false","false","CCE","Admin","2019-06-17 13:37:39.173","CCE","Admin","2019-06-17 13:37:39.173","true",""
"0002","0CCE0000456","1","ECCCCE0000506","50.85","2019-06-17 13:37:39.203","","false","false","false","false","CCE","Admin","2019-06-17 13:37:39.203","CCE","Admin","2019-06-17 13:37:39.203","true",""
"0002","0CCE0000464","1","ECCCCE0000516","50.85","2019-06-17 13:37:39.25","","false","false","false","false","CCE","Admin","2019-06-17 13:37:39.25","CCE","Admin","2019-06-17 13:37:39.25","true",""
"0002","0CCE0000480","1","ECCCCE0000535","50.85","2019-06-17 13:37:39.28","","false","false","false","false","CCE","Admin","2019-06-17 13:37:39.28","CCE","Admin","2019-06-17 13:37:39.28","true",""
"0002","0CCE0000488","1","ECCCCE0000544","50.85","2019-06-17 13:37:39.327","","false","false","false","false","CCE","Admin","2019-06-17 13:37:39.327","CCE","Admin","2019-06-17 13:37:39.327","true",""
"0002","0CCE0000498","1","ECCCCE0000555","50.85","2019-06-17 13:37:39.36","","false","false","false","false","CCE","Admin","2019-06-17 13:37:39.36","CCE","Admin","2019-06-17 13:37:39.36","true",""
"0002","0CCE0000508","1","ECCCCE0000565","50.85","2019-06-17 13:37:39.407","","false","false","false","false","CCE","Admin","2019-06-17 13:37:39.407","CCE","Admin","2019-06-17 13:37:39.407","true",""
"0002","0CCE0000521","1","ECCCCE0000599","50.85","2019-06-17 13:37:39.437","","false","false","false","false","CCE","Admin","2019-06-17 13:37:39.437","CCE","Admin","2019-06-17 13:37:39.437","true",""
"0002","0CCE0000528","1","ECCCCE0000606","50.85","2019-06-17 13:37:39.483","","false","false","false","false","CCE","Admin","2019-06-17 13:37:39.483","CCE","Admin","2019-06-17 13:37:39.483","true",""
"0002","0CCE0000538","1","ECCCCE0000616","50.85","2019-06-17 13:37:39.517","","false","false","false","false","CCE","Admin","2019-06-17 13:37:39.517","CCE","Admin","2019-06-17 13:37:39.517","true",""
"0002","0CCE0000549","1","ECCCCE0000628","50.85","2019-06-17 13:37:39.547","","false","false","false","false","CCE","Admin","2019-06-17 13:37:39.547","CCE","Admin","2019-06-17 13:37:39.547","true",""
"0002","0CCE0000559","1","ECCCCE0000638","50.85","2019-06-17 13:37:39.547","","false","false","false","false","CCE","Admin","2019-06-17 13:37:39.547","CCE","Admin","2019-06-17 13:37:39.547","true",""
"0002","0CCE0000570","1","ECCCCE0000652","50.85","2019-06-17 13:37:39.593","","false","false","false","false","CCE","Admin","2019-06-17 13:37:39.593","CCE","Admin","2019-06-17 13:37:39.593","true",""
"0002","0CCE0000578","1","ECCCCE0000663","50.85","2019-06-17 13:37:39.627","","false","false","false","false","CCE","Admin","2019-06-17 13:37:39.627","CCE","Admin","2019-06-17 13:37:39.627","true",""
"0002","0CCE0000586","1","ECCCCE0000673","50.85","2019-06-17 13:37:39.673","","false","false","false","false","CCE","Admin","2019-06-17 13:37:39.673","CCE","Admin","2019-06-17 13:37:39.673","true",""
"0002","0CCE0000594","1","ECCCCE0000682","50.85","2019-06-17 13:37:39.703","","false","false","false","false","CCE","Admin","2019-06-17 13:37:39.703","CCE","Admin","2019-06-17 13:37:39.703","true",""
"0002","0CCE0000618","1","ECCCCE0000712","50.85","2019-06-17 13:37:39.75","","false","false","false","false","CCE","Admin","2019-06-17 13:37:39.75","CCE","Admin","2019-06-17 13:37:39.75","true",""
"0002","0CCE0000626","1","ECCCCE0000722","50.85","2019-06-17 13:37:39.78","","false","false","false","false","CCE","Admin","2019-06-17 13:37:39.78","CCE","Admin","2019-06-17 13:37:39.78","true",""
"0002","0CCE0000634","1","ECCCCE0000732","50.85","2019-06-17 13:37:39.827","","false","false","false","false","CCE","Admin","2019-06-17 13:37:39.827","CCE","Admin","2019-06-17 13:37:39.827","true",""
"0002","0CCE0000642","1","ECCCCE0000743","50.85","2019-06-17 13:37:39.86","","false","false","false","false","CCE","Admin","2019-06-17 13:37:39.86","CCE","Admin","2019-06-17 13:37:39.86","true",""
"0002","0CCE0000658","1","ECCCCE0000764","50.85","2019-06-17 13:37:39.907","","false","false","false","false","CCE","Admin","2019-06-17 13:37:39.907","CCE","Admin","2019-06-17 13:37:39.907","true",""
"0002","0CCE0000666","1","ECCCCE0000774","50.85","2019-06-17 13:37:39.937","","false","false","false","false","CCE","Admin","2019-06-17 13:37:39.937","CCE","Admin","2019-06-17 13:37:39.937","true",""
"0002","0CCE0000674","1","ECCCCE0000784","50.85","2019-06-17 13:37:39.983","","false","false","false","false","CCE","Admin","2019-06-17 13:37:39.983","CCE","Admin","2019-06-17 13:37:39.983","true",""
"0002","0CCE0000690","1","ECCCCE0000803","50.85","2019-06-17 13:37:40.017","","false","false","false","false","CCE","Admin","2019-06-17 13:37:40.017","CCE","Admin","2019-06-17 13:37:40.017","true",""
"0002","0CCE0000706","1","ECCCCE0000823","50.85","2019-06-17 13:37:40.047","","false","false","false","false","CCE","Admin","2019-06-17 13:37:40.047","CCE","Admin","2019-06-17 13:37:40.047","true",""
"0002","0CCE0000714","1","ECCCCE0000833","50.85","2019-06-17 13:37:40.093","","false","false","false","false","CCE","Admin","2019-06-17 13:37:40.093","CCE","Admin","2019-06-17 13:37:40.093","true",""
"0002","0CCE0000730","1","ECCCCE0000852","50.85","2019-06-17 13:37:40.093","","false","false","false","false","CCE","Admin","2019-06-17 13:37:40.093","CCE","Admin","2019-06-17 13:37:40.093","true",""
"0002","0CCE0000738","1","ECCCCE0000862","50.85","2019-06-17 13:37:40.127","","false","false","false","false","CCE","Admin","2019-06-17 13:37:40.127","CCE","Admin","2019-06-17 13:37:40.127","true",""
"0002","0CCE0000746","1","ECCCCE0000872","50.85","2019-06-17 13:37:40.173","","false","false","false","false","CCE","Admin","2019-06-17 13:37:40.173","CCE","Admin","2019-06-17 13:37:40.173","true",""
"0002","0CCE0000762","1","ECCCCE0000892","50.85","2019-06-17 13:37:40.203","","false","false","false","false","CCE","Admin","2019-06-17 13:37:40.203","CCE","Admin","2019-06-17 13:37:40.203","true",""
"0002","0CCE0000771","1","ECCCCE0000903","50.85","2019-06-17 13:37:40.25","","false","false","false","false","CCE","Admin","2019-06-17 13:37:40.25","CCE","Admin","2019-06-17 13:37:40.25","true",""
"0002","0CCE0000779","1","ECCCCE0000913","50.85","2019-06-17 13:37:40.28","","false","false","false","false","CCE","Admin","2019-06-17 13:37:40.28","CCE","Admin","2019-06-17 13:37:40.28","true",""
"0002","0CCE0000787","1","ECCCCE0000923","50.85","2019-06-17 13:37:40.327","","false","false","false","false","CCE","Admin","2019-06-17 13:37:40.327","CCE","Admin","2019-06-17 13:37:40.327","true",""
"0002","0CCE0000795","1","ECCCCE0000932","50.85","2019-06-17 13:37:40.36","","false","false","false","false","CCE","Admin","2019-06-17 13:37:40.36","CCE","Admin","2019-06-17 13:37:40.36","true",""
"0002","0CCE0000803","1","ECCCCE0000941","50.85","2019-06-17 13:37:40.407","","false","false","false","false","CCE","Admin","2019-06-17 13:37:40.407","CCE","Admin","2019-06-17 13:37:40.407","true",""
"0002","0CCE0000811","1","ECCCCE0000950","50.85","2019-06-17 13:37:40.437","","false","false","false","false","CCE","Admin","2019-06-17 13:37:40.437","CCE","Admin","2019-06-17 13:37:40.437","true",""
"0002","0CCE0000820","1","ECCCCE0000960","50.85","2019-06-17 13:37:40.483","","false","false","false","false","CCE","Admin","2019-06-17 13:37:40.483","CCE","Admin","2019-06-17 13:37:40.483","true",""
"0002","0CCE0000828","1","ECCCCE0000969","50.85","2019-06-17 13:37:40.517","","false","false","false","false","CCE","Admin","2019-06-17 13:37:40.517","CCE","Admin","2019-06-17 13:37:40.517","true",""
"0002","0CCE0000836","1","ECCCCE0000978","50.85","2019-06-17 13:37:40.563","","false","false","false","false","CCE","Admin","2019-06-17 13:37:40.563","CCE","Admin","2019-06-17 13:37:40.563","true",""
"0002","0CCE0000844","1","ECCCCE0000987","50.85","2019-06-17 13:37:40.593","","false","false","false","false","CCE","Admin","2019-06-17 13:37:40.593","CCE","Admin","2019-06-17 13:37:40.593","true",""
"0002","0CCE0000852","1","ECCCCE0000996","50.85","2019-06-17 13:37:40.64","","false","false","false","false","CCE","Admin","2019-06-17 13:37:40.64","CCE","Admin","2019-06-17 13:37:40.64","true",""
"0002","0CCE0000860","1","ECCCCE0001005","50.85","2019-06-17 13:37:40.673","","false","false","false","false","CCE","Admin","2019-06-17 13:37:40.673","CCE","Admin","2019-06-17 13:37:40.673","true",""
"0002","0CCE0000868","1","ECCCCE0001015","50.85","2019-06-17 13:37:40.72","","false","false","false","false","CCE","Admin","2019-06-17 13:37:40.72","CCE","Admin","2019-06-17 13:37:40.72","true",""
"0002","0CCE0000876","1","ECCCCE0001024","50.85","2019-06-17 13:37:40.75","","false","false","false","false","CCE","Admin","2019-06-17 13:37:40.75","CCE","Admin","2019-06-17 13:37:40.75","true",""
"0002","0CCE0000884","1","ECCCCE0001033","50.85","2019-06-17 13:37:40.797","","false","false","false","false","CCE","Admin","2019-06-17 13:37:40.797","CCE","Admin","2019-06-17 13:37:40.797","true",""
"0002","0CCE0000908","1","ECCCCE0001060","50.85","2019-06-17 13:37:40.827","","false","false","false","false","CCE","Admin","2019-06-17 13:37:40.827","CCE","Admin","2019-06-17 13:37:40.827","true",""
"0002","0CCE0000916","1","ECCCCE0001070","50.85","2018-04-07 19:07:07.697","","false","false","false","false","CCE","Superadmin","2018-04-07 19:07:07.697","CCE","Admin","2019-06-17 13:36:38.03","true",""
"0002","0CCE0000924","1","ECCCCE0001079","50.85","2019-06-17 13:37:40.86","","false","false","false","false","CCE","Admin","2019-06-17 13:37:40.86","CCE","Admin","2019-06-17 13:37:40.86","true",""
"0002","0CCE0000948","1","ECCCCE0001106","50.85","2019-06-17 13:37:40.907","","false","false","false","false","CCE","Admin","2019-06-17 13:37:40.907","CCE","Admin","2019-06-17 13:37:40.907","true",""
"0002","0CCE0000956","1","ECCCCE0001116","50.85","2019-06-17 13:37:40.937","","false","false","false","false","CCE","Admin","2019-06-17 13:37:40.937","CCE","Admin","2019-06-17 13:37:40.937","true",""
"0002","0CCE0000964","1","ECCCCE0001125","50.85","2019-06-17 13:37:40.983","","false","false","false","false","CCE","Admin","2019-06-17 13:37:40.983","CCE","Admin","2019-06-17 13:37:40.983","true",""
"0002","0CCE0000975","1","ECCCCE0001139","50.85","2019-06-17 13:37:40.983","","false","false","false","false","CCE","Admin","2019-06-17 13:37:40.983","CCE","Admin","2019-06-17 13:37:40.983","true",""
"0002","0CCE0000983","1","ECCCCE0001149","50.85","2019-06-17 13:37:41.017","","false","false","false","false","CCE","Admin","2019-06-17 13:37:41.017","CCE","Admin","2019-06-17 13:37:41.017","true",""
"0002","0CCE0000993","1","ECCCCE0001161","50.85","2019-06-17 13:37:41.063","","false","false","false","false","CCE","Admin","2019-06-17 13:37:41.063","CCE","Admin","2019-06-17 13:37:41.063","true",""
"0002","0CCE0001000","1","ECCCCE0001168","50.85","2019-06-17 13:37:41.093","","false","false","false","false","CCE","Admin","2019-06-17 13:37:41.093","CCE","Admin","2019-06-17 13:37:41.093","true",""
"0002","0CCE0001008","1","ECCCCE0001177","50.85","2019-06-17 13:37:41.14","","false","false","false","false","CCE","Admin","2019-06-17 13:37:41.14","CCE","Admin","2019-06-17 13:37:41.14","true",""
"0002","0CCE0001016","1","ECCCCE0001187","50.85","2019-06-17 13:37:41.14","","false","false","false","false","CCE","Admin","2019-06-17 13:37:41.14","CCE","Admin","2019-06-17 13:37:41.14","true",""
"0002","0CCE0001024","1","ECCCCE0001197","50.85","2019-06-17 13:37:41.173","","false","false","false","false","CCE","Admin","2019-06-17 13:37:41.173","CCE","Admin","2019-06-17 13:37:41.173","true",""
"0002","0CCE0001032","1","ECCCCE0001207","50.85","2019-06-17 13:37:41.203","","false","false","false","false","CCE","Admin","2019-06-17 13:37:41.203","CCE","Admin","2019-06-17 13:37:41.203","true",""
"0002","0CCE0001040","1","ECCCCE0001215","50.85","2019-06-17 13:37:41.25","","false","false","false","false","CCE","Admin","2019-06-17 13:37:41.25","CCE","Admin","2019-06-17 13:37:41.25","true",""
"0002","0CCE0001049","1","ECCCCE0001226","50.85","2019-06-17 13:37:41.28","","false","false","false","false","CCE","Admin","2019-06-17 13:37:41.28","CCE","Admin","2019-06-17 13:37:41.28","true",""
"0002","0CCE0001057","1","ECCCCE0001236","50.85","2019-06-17 13:37:41.327","","false","false","false","false","CCE","Admin","2019-06-17 13:37:41.327","CCE","Admin","2019-06-17 13:37:41.327","true",""
"0002","0CCE0001067","1","ECCCCE0001248","50.85","2019-06-17 13:37:41.36","","false","false","false","false","CCE","Admin","2019-06-17 13:37:41.36","CCE","Admin","2019-06-17 13:37:41.36","true",""
"0002","0CCE0001075","1","ECCCCE0001258","50.85","2019-06-17 13:37:41.407","","false","false","false","false","CCE","Admin","2019-06-17 13:37:41.407","CCE","Admin","2019-06-17 13:37:41.407","true",""
"0002","0CCE0001084","1","ECCCCE0001269","50.85","2019-06-17 13:37:41.437","","false","false","false","false","CCE","Admin","2019-06-17 13:37:41.437","CCE","Admin","2019-06-17 13:37:41.437","true",""
"0002","0CCE0001131","1","ECCCCE0001318","50.85","2019-06-17 13:37:41.483","","false","false","false","false","CCE","Admin","2019-06-17 13:37:41.483","CCE","Admin","2019-06-17 13:37:41.483","true",""
"0002","0CCE0001145","1","ECCCCE0001334","50.85","2019-06-17 13:37:41.517","","false","false","false","false","CCE","Admin","2019-06-17 13:37:41.517","CCE","Admin","2019-06-17 13:37:41.517","true",""
"0002","0CCE0001192","1","ECCCCE0001390","50.85","2019-06-17 13:37:41.547","","false","false","false","false","CCE","Admin","2019-06-17 13:37:41.547","CCE","Admin","2019-06-17 13:37:41.547","true",""
"0002","0CCE0001209","1","ECCCCE0001410","83.90","2019-06-17 13:37:41.593","","false","false","false","false","CCE","Admin","2019-06-17 13:37:41.593","CCE","Admin","2019-06-17 13:37:41.593","true",""
"0002","0CCE0001223","1","ECCCCE0001424","50.85","2019-06-17 13:37:41.627","","false","false","false","false","CCE","Admin","2019-06-17 13:37:41.627","CCE","Admin","2019-06-17 13:37:41.627","true",""
"0002","0CCE0001232","1","ECCCCE0001435","50.85","2019-06-17 13:37:41.673","","false","false","false","false","CCE","Admin","2019-06-17 13:37:41.673","CCE","Admin","2019-06-17 13:37:41.673","true",""
"0002","0CCE0001248","1","ECCCCE0001451","50.85","2019-06-17 13:37:41.703","","false","false","false","false","CCE","Admin","2019-06-17 13:37:41.703","CCE","Admin","2019-06-17 13:37:41.703","true",""
"0002","0CCE0001008","1","ECCCCE0001540","50.85","2019-06-17 13:37:41.75","","false","false","false","false","CCE","Admin","2019-06-17 13:37:41.75","CCE","Admin","2019-06-17 13:37:41.75","true",""
"0002","0CCE0001405","1","ECCCCE0001638","50.85","2019-06-17 13:37:41.78","","false","false","false","false","CCE","Admin","2019-06-17 13:37:41.78","CCE","Admin","2019-06-17 13:37:41.78","true",""
"0002","0CCE0000272","1","ECCCCE0002927","50.85","2018-12-17 12:02:46.39","","false","false","false","false","CCE","ShaileshN","2018-12-17 12:02:46.39","CCE","Admin","2019-06-17 13:36:35.53","false",""
"0002","0CCE0006001","1","ECCCCE0006001","1100.00","2019-05-28 16:35:25.337","","false","false","false","false","CCE","Admin","2019-05-28 16:35:25.337","CCE","Admin","2019-05-31 05:10:26.183","true",""
"0002","0CCE0006002","1","ECCCCE0006002","1101.00","2019-05-28 18:06:43.84","","false","false","false","false","CCE","Admin","2019-05-28 18:06:43.84","CCE","Admin","2019-05-31 05:10:26.65","true",""
"0002","0CCE0006003","1","ECCCCE0006003","1102.00","2019-05-28 18:14:30.71","","false","false","false","false","CCE","Admin","2019-05-28 18:14:30.71","CCE","Admin","2019-05-31 05:10:27.137","true",""
"0002","0CCE0006004","1","ECCCCE0006004","100.00","2019-05-30 17:36:43.91","","false","false","false","false","CCE","Admin","2019-05-30 17:36:43.91","CCE","Admin","2019-05-31 17:33:13.673","true",""
"0002","0CCE0006005","1","ECCCCE0006005","200.00","2019-05-30 17:38:19.713","","false","false","false","false","CCE","Admin","2019-05-30 17:38:19.713","CCE","Admin","2019-05-31 17:33:15.813","true",""
"0002","0CCE0006006","1","ECCCCE0006006","120.00","2019-06-17 13:37:41.78","","false","false","false","false","CCE","Admin","2019-06-17 13:37:41.78","CCE","Admin","2019-06-17 13:37:41.78","true",""
